DATABASE_ID;NAME;GOLD;REPLAY
68073834;Santisima_Trinidad;1;1 (1).wowsreplay
11703591;NiceMud;1;1 (10).wowsreplay
20873994;hadzey;1;1 (102).wowsreplay
2217332;nimistar;1;1 (104).wowsreplay
37935485;SPY_87;1;1 (107).wowsreplay
20873994;hadzey;1;1 (108).wowsreplay
2327147;Adriano1977;1;1 (109).wowsreplay
547317;Yorik86;1;1 (11).wowsreplay
1134230;Xairus;1;1 (110).wowsreplay
1921688;ENB;1;1 (111).wowsreplay
7917855;dobryak_k;1;1 (112).wowsreplay
4183337;Sandro11111;1;1 (113).wowsreplay
3702745;olegustank023;1;1 (114).wowsreplay
73307455;TaismanL;1;1 (115).wowsreplay
59640905;Forest_Jamp;1;1 (116).wowsreplay
65917260;xxB_E_D_Axx;1;1 (117).wowsreplay
7443334;FonKeks;1;1 (118).wowsreplay
7427629;Phoenix1234;1;1 (119).wowsreplay
1779688;SWATTLT;1;1 (12).wowsreplay
57784926;LM99;1;1 (120).wowsreplay
14631969;_oNkilL_;1;1 (121).wowsreplay
2589377;GREYkich;1;1 (123).wowsreplay
28697464;_ZlOy_MiGa_TyT_;1;1 (124).wowsreplay
22054351;bezshkuryi1984;1;1 (125).wowsreplay
485716;merf220;1;1 (126).wowsreplay
63925341;Simbad_nepobedimyj;1;1 (127).wowsreplay
3952082;CerberusGosha;1;1 (128).wowsreplay
435875;BOBAH_GTN;1;1 (129).wowsreplay
15442970;saturn_2002;1;1 (13).wowsreplay
2091443;Angel_Caido;1;1 (130).wowsreplay
47980181;BattleCruser_operation;1;1 (131).wowsreplay
25389459;_v_T_v_;1;1 (132).wowsreplay
668182;MALESHKIN_za4em_vylil_Ee;1;1 (134).wowsreplay
80508127;Admiral_Denkin;1;1 (135).wowsreplay
2420672;sharap48;1;1 (136).wowsreplay
68497256;Kapitan_Alf;1;1 (137).wowsreplay
2420672;sharap48;1;1 (14).wowsreplay
2217332;nimistar;1;1 (140).wowsreplay
59640905;Forest_Jamp;1;1 (141).wowsreplay
64970908;rake1337;1;1 (142).wowsreplay
2327147;Adriano1977;1;1 (145).wowsreplay
18986145;SYSLIKHIPPO2;1;1 (146).wowsreplay
13287337;OnlyWolf_66rus;1;1 (147).wowsreplay
25389459;_v_T_v_;1;1 (148).wowsreplay
28697464;_ZlOy_MiGa_TyT_;1;1 (149).wowsreplay
13188097;andar04;1;1 (15).wowsreplay
2420672;sharap48;1;1 (150).wowsreplay
13188097;andar04;1;1 (151).wowsreplay
21196114;Ajhnbr;1;1 (152).wowsreplay
3702745;olegustank023;1;1 (153).wowsreplay
22054351;bezshkuryi1984;1;1 (155).wowsreplay
15654499;Imperator13666;1;1 (156).wowsreplay
4183337;Sandro11111;1;1 (157).wowsreplay
70063209;_soletrooper_;1;1 (158).wowsreplay
28697464;_ZlOy_MiGa_TyT_;1;1 (159).wowsreplay
74641730;zZJONZz_1;1;1 (16).wowsreplay
28697464;_ZlOy_MiGa_TyT_;1;1 (160).wowsreplay
62839056;John_Silver_59_;1;1 (161).wowsreplay
3702745;olegustank023;1;1 (162).wowsreplay
59640905;Forest_Jamp;1;1 (164).wowsreplay
8646862;rt1968;1;1 (165).wowsreplay
86242040;Capt_Hector_Barbossa;1;1 (166).wowsreplay
4352438;___B3pbIBoTexHuk___;1;1 (167).wowsreplay
59640905;Forest_Jamp;1;1 (168).wowsreplay
15654499;Imperator13666;1;1 (169).wowsreplay
2420672;sharap48;1;1 (171).wowsreplay
28697464;_ZlOy_MiGa_TyT_;1;1 (172).wowsreplay
4183337;Sandro11111;1;1 (173).wowsreplay
76029732;Robosterlo;1;1 (174).wowsreplay
23109054;Stormfist;1;1 (175).wowsreplay
3952082;CerberusGosha;1;1 (176).wowsreplay
4183337;Sandro11111;1;1 (177).wowsreplay
13188097;andar04;1;1 (178).wowsreplay
13188097;andar04;1;1 (179).wowsreplay
13188097;andar04;1;1 (180).wowsreplay
306;T35;1;1 (181).wowsreplay
59640905;Forest_Jamp;1;1 (183).wowsreplay
3702745;olegustank023;1;1 (184).wowsreplay
4183337;Sandro11111;1;1 (185).wowsreplay
15567112;1kar1;1;1 (186).wowsreplay
3702745;olegustank023;1;1 (187).wowsreplay
15654499;Imperator13666;1;1 (188).wowsreplay
64970908;rake1337;1;1 (189).wowsreplay
15654499;Imperator13666;1;1 (19).wowsreplay
57162612;Andrey_eaa;1;1 (190).wowsreplay
47545620;mosaic22;1;1 (191).wowsreplay
4183337;Sandro11111;1;1 (192).wowsreplay
2420672;sharap48;1;1 (193).wowsreplay
2160452;_ADiN_;1;1 (194).wowsreplay
5758666;_TAXIST_;1;1 (196).wowsreplay
25389459;_v_T_v_;1;1 (197).wowsreplay
34695151;Khabib_Jon;1;1 (198).wowsreplay
25389459;_v_T_v_;1;1 (199).wowsreplay
25389459;_v_T_v_;1;1 (2).wowsreplay
15654499;Imperator13666;1;1 (20).wowsreplay
15654499;Imperator13666;1;1 (200).wowsreplay
13420518;XTIGrXCOM;1;1 (203).wowsreplay
2420672;sharap48;1;1 (204).wowsreplay
48256052;AXE_275;1;1 (205).wowsreplay
21196114;Ajhnbr;1;1 (206).wowsreplay
3119704;sega4mega;1;1 (207).wowsreplay
28697464;_ZlOy_MiGa_TyT_;1;1 (208).wowsreplay
2542290;Crokscrev;1;1 (209).wowsreplay
59640905;Forest_Jamp;1;1 (21).wowsreplay
48456658;_Casi_;1;1 (211).wowsreplay
28697464;_ZlOy_MiGa_TyT_;1;1 (213).wowsreplay
6407130;yssa;1;1 (215).wowsreplay
3702745;olegustank023;1;1 (217).wowsreplay
4183337;Sandro11111;1;1 (218).wowsreplay
1054812;Rebel__1;1;1 (219).wowsreplay
4183337;Sandro11111;1;1 (220).wowsreplay
3952082;CerberusGosha;1;1 (221).wowsreplay
25389459;_v_T_v_;1;1 (222).wowsreplay
4183337;Sandro11111;1;1 (223).wowsreplay
6092583;SniperN7;1;1 (225).wowsreplay
6407130;yssa;1;1 (226).wowsreplay
58338179;franc1972;1;1 (227).wowsreplay
48456658;_Casi_;1;1 (229).wowsreplay
214720;kara_vasha;1;1 (23).wowsreplay
6092583;SniperN7;1;1 (230).wowsreplay
5539446;Thalt;1;1 (232).wowsreplay
3702745;olegustank023;1;1 (233).wowsreplay
3702745;olegustank023;1;1 (234).wowsreplay
29845801;siorchik6;1;1 (235).wowsreplay
7427629;Phoenix1234;1;1 (236).wowsreplay
3259117;II_SERGEI_II;1;1 (237).wowsreplay
76509086;1986_BARABASHKA_1986;1;1 (238).wowsreplay
15654499;Imperator13666;1;1 (239).wowsreplay
58968917;xfleesh;1;1 (24).wowsreplay
28697464;_ZlOy_MiGa_TyT_;1;1 (26).wowsreplay
796319;Serg100500;1;1 (28).wowsreplay
70241729;gura_92;1;1 (29).wowsreplay
18986145;SYSLIKHIPPO2;1;1 (3).wowsreplay
28697464;_ZlOy_MiGa_TyT_;1;1 (30).wowsreplay
13188097;andar04;1;1 (31).wowsreplay
64970908;rake1337;1;1 (33).wowsreplay
14044;Robo82;1;1 (35).wowsreplay
3952082;CerberusGosha;1;1 (37).wowsreplay
25389459;_v_T_v_;1;1 (38).wowsreplay
4183337;Sandro11111;1;1 (39).wowsreplay
377444;c20xeGT;1;1 (4).wowsreplay
4034278;Elfv;1;1 (40).wowsreplay
20873994;hadzey;1;1 (41).wowsreplay
57808778;A154g42;1;1 (42).wowsreplay
16054985;0filatow0;1;1 (43).wowsreplay
59306060;igorstax_1960;1;1 (44).wowsreplay
6407130;yssa;1;1 (45).wowsreplay
4183337;Sandro11111;1;1 (46).wowsreplay
2160452;_ADiN_;1;1 (47).wowsreplay
57369171;bliz_crigg;1;1 (5).wowsreplay
13188097;andar04;1;1 (50).wowsreplay
28697464;_ZlOy_MiGa_TyT_;1;1 (51).wowsreplay
31962254;Master_Stas_Colonel;1;1 (52).wowsreplay
2217332;nimistar;1;1 (53).wowsreplay
3702745;olegustank023;1;1 (54).wowsreplay
8655338;kimi19;1;1 (55).wowsreplay
28697464;_ZlOy_MiGa_TyT_;1;1 (56).wowsreplay
2420672;sharap48;1;1 (6).wowsreplay
15654499;Imperator13666;1;1 (60).wowsreplay
3645559;Lyovush;1;1 (61).wowsreplay
59640905;Forest_Jamp;1;1 (62).wowsreplay
15102852;ZiGeRoN;1;1 (63).wowsreplay
27432675;Roman2000000000;1;1 (64).wowsreplay
7978730;LuXeZZZ;1;1 (65).wowsreplay
15654499;Imperator13666;1;1 (66).wowsreplay
4183337;Sandro11111;1;1 (67).wowsreplay
65917260;xxB_E_D_Axx;1;1 (68).wowsreplay
25389459;_v_T_v_;1;1 (69).wowsreplay
15654499;Imperator13666;1;1 (73).wowsreplay
57177882;77_Assassin_77;1;1 (74).wowsreplay
28697464;_ZlOy_MiGa_TyT_;1;1 (77).wowsreplay
3876599;ArmorFury;1;1 (78).wowsreplay
18986145;SYSLIKHIPPO2;1;1 (8).wowsreplay
5843353;DeaDRaTT;1;1 (81).wowsreplay
2420672;sharap48;1;1 (82).wowsreplay
28697464;_ZlOy_MiGa_TyT_;1;1 (83).wowsreplay
6723070;Neverling;1;1 (84).wowsreplay
20873994;hadzey;1;1 (85).wowsreplay
12472367;c_k_a_y_n_e_t;1;1 (86).wowsreplay
4183337;Sandro11111;1;1 (87).wowsreplay
25389459;_v_T_v_;1;1 (88).wowsreplay
28701001;dron_9999;1;1 (89).wowsreplay
3331399;Chanderlin;1;1 (9).wowsreplay
25389459;_v_T_v_;1;1 (90).wowsreplay
2875689;Archangelok24;1;1 (91).wowsreplay
4183337;Sandro11111;1;1 (92).wowsreplay
8882705;Traktorist_45Rus;1;1 (93).wowsreplay
29889851;PoznavshiiNoch;1;1 (94).wowsreplay
13188097;andar04;1;1 (95).wowsreplay
3702745;olegustank023;1;1 (96).wowsreplay
1054812;Rebel__1;1;1 (97).wowsreplay
28697464;_ZlOy_MiGa_TyT_;1;1 (98).wowsreplay
11398520;leonvav;1;1 (99).wowsreplay
